ID,stage1_recall,recall,precision,f1,f2,inspection_cost_pct
B1 TF-IDF + T2,n/a,0.42857142857142855,0.42857142857142855,0.42857142857142855,0.42857142857142855,1.5238095238095242
B2 Embedding + T2,n/a,0.42857142857142855,0.42857142857142855,0.42857142857142855,0.42857142857142855,1.3333333333333337
B3 Embedding high-recall,0.8571428571428571,0.8571428571428571,0.025128153487515726,0.04831433475285378,0.10873807025880758,55.99999999999999
C1 Embedding + NLI,0.8571428571428571,0.42857142857142855,0.21428571428571427,0.2857142857142857,0.35714285714285715,2.095238095238096
C2 Embedding + lexical,0.8571428571428571,0.7142857142857143,0.08388278388278389,0.1484230055658627,0.2779111644657863,9.523809523809524
C3 Full hybrid (tuned),0.8571428571428571,0.14285714285714285,0.07142857142857142,0.09523809523809523,0.11904761904761905,1.142857142857143
C4 Full hybrid (learned),0.8571428571428571,0.42857142857142855,0.3333333333333333,0.35714285714285715,0.38775510204081637,2.0952380952380953
Published: embedding T2 [4],n/a,0.517,n/a,n/a,n/a,2.2
Published: ProReFiCIA no RAG [4],n/a,0.857,n/a,n/a,n/a,3.0
Published: ProReFiCIA RAG [4],n/a,0.958,n/a,n/a,n/a,3.4
