tau,mean_stage1_recall,mean_candidate_frac
0.1,1.0,0.7809523809523808
0.125,1.0,0.7104761904761904
0.15,1.0,0.6419047619047619
0.175,1.0,0.5866666666666667
0.2,0.9285714285714286,0.5085714285714286
0.225,0.9285714285714286,0.44190476190476197
0.25,0.8571428571428571,0.38095238095238093
0.275,0.8571428571428571,0.33142857142857146
0.3,0.8571428571428571,0.2704761904761905
0.325,0.8571428571428571,0.22285714285714286
0.35,0.8571428571428571,0.17714285714285713
0.375,0.8571428571428571,0.14095238095238097
0.4,0.8571428571428571,0.11619047619047618
0.425,0.8571428571428571,0.09142857142857141
0.45,0.7142857142857143,0.07428571428571427
0.475,0.5,0.060952380952380945
0.5,0.5,0.05142857142857143
0.525,0.5,0.0419047619047619
0.55,0.42857142857142855,0.03428571428571429
0.575,0.42857142857142855,0.028571428571428574
0.6,0.42857142857142855,0.024761904761904763
